source,stage,run,run_name,name,data,feature_set,seed,split_seed,train_frac,val_frac,test_frac,epochs,batch_size,lr,weight_decay,dropout,embed_dim_cap,hidden_dims,n_params,best_val_epoch,best_val_mse,train_mse,val_mse,test_mse,train_rmse,val_rmse,test_rmse,test_price_rmse,seconds,model,notes
manual_runs,manual,1,,,,,42,,,,,3,4096,0.001,0.0,0.1,64,"256,128",,3,0.237703,0.229767,0.237703,0.241721,0.479341,0.487548,0.491651,,,,3 epochs baseline
manual_runs,manual,2,,,,,42,,,,,3,4096,0.0003,0.0,0.1,64,"256,128",,3,0.655213,0.655124,0.655213,0.757485,0.809397,0.809452,0.870336,,,,"3 epochs, low lr"
manual_runs,manual,3,,,,,42,,,,,5,4096,0.001,0.0,0.1,64,"256,128",,5,0.181576,0.17514,0.181576,0.183442,0.418498,0.426117,0.428302,,,,5 epochs baseline
manual_runs,manual,4,,,,,42,,,,,5,4096,0.0005,0.0,0.1,64,"256,128",,5,0.245241,0.237944,0.245241,0.253632,0.487795,0.495218,0.503619,,,,"5 epochs, lr=5e-4"
manual_runs,manual,5,,,,,42,,,,,5,4096,0.002,0.0,0.1,64,"256,128",,5,0.150653,0.145335,0.150653,0.152204,0.381229,0.388141,0.390133,,,,"5 epochs, lr=0.002"
manual_runs,manual,6,,,,,42,,,,,5,4096,0.002,0.0,0.1,64,"128,64",,5,0.16746,0.163305,0.16746,0.16868,0.40411,0.409218,0.410707,,,,smaller model
manual_runs,manual,7,,,,,42,,,,,5,4096,0.002,0.0,0.0,64,"256,128",,5,0.143858,0.138823,0.143858,0.145424,0.372589,0.379287,0.381345,,,,no dropout
manual_runs,manual,8,,,,,42,,,,,5,4096,0.002,0.01,0.0,64,"256,128",,5,0.143954,0.138898,0.143954,0.145555,0.37269,0.379413,0.381517,,,,no dropout + weight decay
train_ann,single_run,,full_deep4_bs512_lr3e-3_do0.1_wd1e-3,,ann_tensors_full.pt,full,42,,0.7,0.15,0.15,30,512,0.003,0.001,0.1,64,"512,256,128,64",629340,27,0.019320421237267377,0.015574759074613328,0.019320421237267377,0.02063287687030494,0.12479887449257436,0.13899791810407586,0.14364148728798704,,176.69,,
train_ann,single_run,,full_deep4_bs512_lr3e-3_do0_wd1e-3,,ann_tensors_full.pt,full,42,,0.7,0.15,0.15,30,512,0.003,0.001,0.0,64,"512,256,128,64",629340,28,0.024328834337531524,0.02000184419480386,0.024328834337531524,0.02490396194200689,0.14142787630026782,0.15597703144223357,0.15780989177490393,,138.82,,
train_ann,single_run,,full_deep4_bs512_lr3e-3_do0.05_wd1e-3,,ann_tensors_full.pt,full,42,,0.7,0.15,0.15,30,512,0.003,0.001,0.05,64,"512,256,128,64",629340,27,0.019538445844823484,0.016148793004941944,0.019538445844823484,0.020816246401786486,0.12707790132411673,0.13977999086000645,0.14427836428857407,,186.32,,
train_ann,single_run,,full_deep4_bs512_lr4e-3_do0.1_wd1e-3,,ann_tensors_full.pt,full,42,,0.7,0.15,0.15,30,512,0.004,0.001,0.1,64,"512,256,128,64",629340,28,0.019274691929631278,0.016003915356607792,0.019274691929631278,0.02053433293176609,0.12650658226593506,0.13883332427638287,0.1432980562735102,,185.13,,
train_ann,single_run,,full_deep4_bs512_lr5e-3_do0.1_wd1e-3,,ann_tensors_full.pt,full,42,,0.7,0.15,0.15,30,512,0.005,0.001,0.1,64,"512,256,128,64",629340,27,0.02043819513884372,0.017319964320807246,0.02043819513884372,0.021551615699555833,0.1316053354572194,0.1429622157734124,0.14680468555041365,,177.76,,
train_ann,single_run,,full_deep4_bs512_lr4e-3_do0.1_wd5e-4,,ann_tensors_full.pt,full,42,,0.7,0.15,0.15,30,512,0.004,0.0005,0.1,64,"512,256,128,64",629340,29,0.019539146469381274,0.016152143310352345,0.019539146469381274,0.020704471795159395,0.1270910827334174,0.13978249700653253,0.14389048542262756,,178.51,,
train_ann,single_run,,full_deep4_bs512_lr4e-3_do0.1_wd1e-3_emb128,,ann_tensors_full.pt,full,42,,0.7,0.15,0.15,30,512,0.004,0.001,0.1,128,"512,256,128,64",629340,28,0.019274691929631278,0.016003915356607792,0.019274691929631278,0.02053433293176609,0.12650658226593506,0.13883332427638287,0.1432980562735102,,176.07,,
sweep_dirty,sweep_dirty,1,,baseline,,,,,,,,5,2048,0.001,0.0,0.0,64,"256,128",285913,5,0.1384075686966407,,0.1384075686966407,0.14069180930387828,,0.3720316770069999,0.3750890684942422,,15.55,,
sweep_dirty,sweep_dirty,2,,baseline,,,,,,,,5,2048,0.001,0.0,0.1,64,"256,128",285913,5,0.15148787261408608,,0.15148787261408608,0.1524722933463527,,0.3892144301205777,0.3904770074490337,,17.12,,
sweep_dirty,sweep_dirty,3,,baseline,,,,,,,,5,2048,0.002,0.0,0.0,64,"256,128",285913,5,0.13420234602511438,,0.13420234602511438,0.13411609684959783,,0.36633638370371346,0.3662186462341832,,15.12,,
sweep_dirty,sweep_dirty,4,,baseline,,,,,,,,5,2048,0.002,0.0,0.1,64,"256,128",285913,5,0.13457798114352096,,0.13457798114352096,0.1349526255515417,,0.3668487169713436,0.36735898730198735,,17.32,,
sweep_dirty,sweep_dirty,5,,baseline,,,,,,,,5,2048,0.003,0.0,0.0,64,"256,128",285913,5,0.1286907778102165,,0.1286907778102165,0.13016424418319786,,0.358734968758576,0.3607828213526773,,15.16,,
sweep_dirty,sweep_dirty,6,,baseline,,,,,,,,5,2048,0.003,0.0,0.1,64,"256,128",285913,4,0.1338289280407941,,0.1338289280407941,0.1344533695081017,,0.36582636323916584,0.3666788370060395,,17.68,,
sweep_dirty,sweep_dirty,7,,baseline,,,,,,,,5,4096,0.001,0.0,0.0,64,"256,128",285913,5,0.16568440367765627,,0.16568440367765627,0.16870896850545106,,0.40704349113780985,0.4107419731479254,,16.61,,
sweep_dirty,sweep_dirty,8,,baseline,,,,,,,,5,4096,0.001,0.0,0.1,64,"256,128",285913,5,0.1652806892842036,,0.1652806892842036,0.16595966986874058,,0.4065472780430385,0.40738147953575476,,19.07,,
sweep_dirty,sweep_dirty,9,,baseline,,,,,,,,5,4096,0.002,0.0,0.0,64,"256,128",285913,5,0.14056856583931698,,0.14056856583931698,0.141689046791052,,0.37492474690171756,0.37641605543740025,,17.34,,
sweep_dirty,sweep_dirty,10,,baseline,,,,,,,,5,4096,0.002,0.0,0.1,64,"256,128",285913,5,0.15051500363626322,,0.15051500363626322,0.15107379002719437,,0.3879626317524192,0.38868211951052545,,19.56,,
sweep_dirty,sweep_dirty,11,,baseline,,,,,,,,5,4096,0.003,0.0,0.0,64,"256,128",285913,5,0.13568199686904192,,0.13568199686904192,0.13667100320918754,,0.36835037242962293,0.36969041536018693,,16.82,,
sweep_dirty,sweep_dirty,12,,baseline,,,,,,,,5,4096,0.003,0.0,0.1,64,"256,128",285913,5,0.1396419283264165,,0.1396419283264165,0.1414637077026163,,0.3736869389293885,0.3761166144995675,,19.59,,
sweep_dirty,sweep_dirty,13,,baseline,,,,,,,,5,8192,0.001,0.0,0.0,64,"256,128",285913,5,0.27251562136330126,,0.27251562136330126,0.2820942355047594,,0.5220302877834784,0.5311254423436703,,17.46,,
sweep_dirty,sweep_dirty,14,,baseline,,,,,,,,5,8192,0.001,0.0,0.1,64,"256,128",285913,5,0.24153075194648313,,0.24153075194648313,0.25096366951226096,,0.49145778246608646,0.5009627426388723,,20.2,,
sweep_dirty,sweep_dirty,15,,baseline,,,,,,,,5,8192,0.002,0.0,0.0,64,"256,128",285913,5,0.18987182172127434,,0.18987182172127434,0.19460899854054592,,0.4357428389787655,0.44114509919134987,,17.67,,
sweep_dirty,sweep_dirty,16,,baseline,,,,,,,,5,8192,0.002,0.0,0.1,64,"256,128",285913,5,0.1878994284786352,,0.1878994284786352,0.1924595987960266,,0.4334736768001434,0.4387021755086548,,21.08,,
sweep_dirty,sweep_dirty,17,,baseline,,,,,,,,5,8192,0.003,0.0,0.0,64,"256,128",285913,5,0.1663409693518192,,0.1663409693518192,0.16814818750696844,,0.40784919927813906,0.41005876104159567,,17.76,,
sweep_dirty,sweep_dirty,18,,baseline,,,,,,,,5,8192,0.003,0.0,0.1,64,"256,128",285913,5,0.17444643184103542,,0.17444643184103542,0.17436248646596958,,0.4176678487040096,0.4175673436297067,,20.64,,
sweep_dirty,sweep_dirty,19,,deep3,,,,,,,,5,2048,0.002,0.0,0.0,64,"512,256,128",443609,5,0.12034336052616759,,0.12034336052616759,0.12133835762662756,,0.34690540573212114,0.3483365579818282,,22.15,,
sweep_dirty,sweep_dirty,20,,deep3,,,,,,,,5,2048,0.002,0.0,0.1,64,"512,256,128",443609,5,0.13097976085542604,,0.13097976085542604,0.13118897675271682,,0.3619112610232321,0.36220018878062005,,28.18,,
sweep_dirty,sweep_dirty,21,,deep3,,,,,,,,5,4096,0.002,0.0,0.0,64,"512,256,128",443609,5,0.1301780754869997,,0.1301780754869997,0.1330179449892294,,0.36080198930576823,0.3647162527078131,,22.06,,
sweep_dirty,sweep_dirty,22,,deep3,,,,,,,,5,4096,0.002,0.0,0.1,64,"512,256,128",443609,5,0.13532515941371015,,0.13532515941371015,0.13481451028804076,,0.3678656812121921,0.36717095512586606,,28.85,,
sweep_dirty,sweep_dirty,23,,deep3,,,,,,,,5,8192,0.002,0.0,0.0,64,"512,256,128",443609,5,0.15968170436522316,,0.15968170436522316,0.16309438946388255,,0.3996019323842456,0.40384946386479526,,22.86,,
sweep_dirty,sweep_dirty,24,,deep3,,,,,,,,5,8192,0.002,0.0,0.1,64,"512,256,128",443609,5,0.16572333622556137,,0.16572333622556137,0.17043838390393298,,0.40709131190134895,0.41284183884864795,,28.07,,
sweep_dirty,sweep_dirty,25,,deep4,,,,,,,,5,4096,0.002,0.0,0.0,64,"512,256,128,64",451801,5,0.13924573299819376,,0.13924573299819376,0.1399318807778224,,0.37315644574118473,0.3740746994623165,,22.74,,
sweep_dirty,sweep_dirty,26,,deep4,,,,,,,,5,4096,0.002,0.0,0.1,64,"512,256,128,64",451801,4,0.1587454388556829,,0.1587454388556829,0.16338927113421053,,0.3984287123886567,0.4042143875893219,,30.29,,
sweep_dirty,sweep_dirty,27,,deep4,,,,,,,,5,8192,0.002,0.0,0.0,64,"512,256,128,64",451801,5,0.16235653849473947,,0.16235653849473947,0.1654937686297072,,0.40293490602669246,0.40680925337276586,,22.52,,
sweep_dirty,sweep_dirty,28,,deep4,,,,,,,,5,8192,0.002,0.0,0.1,64,"512,256,128,64",451801,4,0.18837499897649795,,0.18837499897649795,0.19680005108742613,,0.4340218876698478,0.443621517836349,,28.4,,
sweep_dirty,sweep_dirty,29,,huge,,,,,,,,5,8192,0.001,0.0,0.0,64,"1024,512,256,128",1021145,5,0.1709571364311677,,0.1709571364311677,0.1739285550185012,,0.41346963181250407,0.4170474253828948,,32.83,,
sweep_dirty,sweep_dirty,30,,huge,,,,,,,,5,8192,0.002,0.0,0.0,64,"1024,512,256,128",1021145,5,0.14544402464044157,,0.14544402464044157,0.14794933852018063,,0.381371242545163,0.38464183147465986,,30.17,,
sweep_clean,phase1,1,,base2,,,42,42,,,,3,16384,0.002,0.0001,0.05,32,"256,128",192001,3,0.4894587346622774,0.48006203075423964,0.4894587346622774,,0.6928650884221542,0.6996132750757932,,,11.71,,
sweep_clean,phase1,2,,base2,,,42,42,,,,3,2048,0.004,0.001,0.1,32,"256,128",192001,3,0.14862285611844514,0.1448344000267925,0.14862285611844514,,0.38057114975624795,0.385516350001456,,,9.76,,
sweep_clean,phase1,3,,small2,,,42,42,,,,3,2048,0.004,0.0,0.2,64,"128,64",248025,2,0.23020372353637467,0.22587761916414842,0.23020372353637467,,0.4752658405189126,0.4797955017883918,,,9.12,,
sweep_clean,phase1,4,,deep4,,,42,42,,,,3,1024,0.002,0.0001,0.05,64,"512,256,128,64",451801,3,0.14009667772011675,0.13733198183670606,0.14009667772011675,,0.3705832994573636,0.3742949074194261,,,15.73,,
sweep_clean,phase1,5,,small2,,,42,42,,,,3,4096,0.002,0.0,0.0,64,"128,64",248025,3,0.2059358918496311,0.19933295845374482,0.2059358918496311,,0.44646719751146874,0.453801599655214,,,8.64,,
sweep_clean,phase1,6,,small2,,,42,42,,,,3,8192,0.0005,0.0,0.0,64,"128,64",248025,3,2.0662332454892742,2.052595431208099,2.0662332454892742,,1.4326881835235814,1.4374398232584467,,,8.93,,
sweep_clean,phase1,7,,small2,,,42,42,,,,3,16384,0.003,0.001,0.0,64,"128,64",248025,3,0.6203409098035991,0.6031184345818082,0.6203409098035991,,0.776607001373158,0.7876172355932792,,,9.59,,
sweep_clean,phase1,8,,small2,,,42,42,,,,3,4096,0.004,0.001,0.1,32,"128,64",157441,3,0.18393241961349602,0.17553644845695476,0.18393241961349602,,0.4189707011915687,0.4288734307619161,,,9.25,,
sweep_clean,phase1,9,,big4,,,42,42,,,,3,2048,0.0005,0.0,0.1,32,"1024,512,256,128",907265,3,0.1750560566081996,0.17078712625445824,0.1750560566081996,,0.41326399099662464,0.41839700836430416,,,23.6,,
sweep_clean,phase1,10,,base2,,,42,42,,,,3,1024,0.002,0.0,0.2,64,"256,128",285913,2,0.1655928169172824,0.16279197572510296,0.1655928169172824,,0.40347487620061667,0.406930973160415,,,9.68,,
sweep_clean,phase1,11,,big4,,,42,42,,,,3,4096,0.001,0.0001,0.1,64,"1024,512,256,128",1021145,3,0.170726185644369,0.1651320716128035,0.170726185644369,,0.4063644566307485,0.4131902535689449,,,24.82,,
sweep_clean,phase1,12,,small2,,,42,42,,,,3,8192,0.004,0.0,0.0,64,"128,64",248025,3,0.23209806317916984,0.22297688540861088,0.23209806317916984,,0.4722042835559742,0.481765568694121,,,9.25,,
sweep_clean,phase1,13,,deep4,,,42,42,,,,3,8192,0.001,0.001,0.2,32,"512,256,128,64",351233,3,0.4463954141620628,0.45362803209206465,0.4463954141620628,,0.6735191401081818,0.6681282916940898,,,15.76,,
sweep_clean,phase1,14,,big3,,,42,42,,,,3,4096,0.0005,0.0,0.1,32,"1024,512,256",874497,3,0.2272641303875841,0.21895248138824452,0.2272641303875841,,0.4679235849882377,0.4767222780483246,,,23.73,,
sweep_clean,phase1,15,,big4,,,42,42,,,,3,8192,0.004,0.0,0.05,32,"1024,512,256,128",907265,3,0.1534047881668704,0.149047743104715,0.1534047881668704,,0.38606701892898726,0.39166923311241897,,,24.94,,
sweep_clean,phase1,16,,deep4,,,42,42,,,,3,4096,0.001,0.001,0.05,32,"512,256,128,64",351233,3,0.22367710278168693,0.21990756669486336,0.22367710278168693,,0.4689430313959931,0.472945137179448,,,15.43,,
sweep_clean,phase1,17,,deep3,,,42,42,,,,3,8192,0.0005,0.0001,0.2,32,"512,256,128",343041,3,0.5439713274176947,0.584846236629683,0.5439713274176947,,0.7647524021732021,0.7375441189635334,,,15.78,,
sweep_clean,phase1,18,,wide2,,,42,42,,,,3,8192,0.002,0.0001,0.05,64,"512,256",410841,3,0.19848493169800643,0.19099138263984483,0.19848493169800643,,0.4370256086773918,0.44551647747081863,,,17.46,,
sweep_clean,phase1,19,,wide2,,,42,42,,,,3,1024,0.004,0.0001,0.0,32,"512,256",310273,3,0.12407586373827632,0.11888055834270715,0.12407586373827632,,0.3447906007168803,0.35224404003229964,,,13.33,,
sweep_clean,phase1,20,,wide2,,,42,42,,,,3,4096,0.003,0.0,0.05,32,"512,256",310273,3,0.1490970946685822,0.14528990500605285,0.1490970946685822,,0.3811691291356802,0.3861309294379074,,,14.58,,
sweep_clean,phase1,21,,small2,,,42,42,,,,3,1024,0.004,0.0001,0.0,32,"128,64",157441,3,0.1355441484456717,0.12976258442044836,0.1355441484456717,,0.3602257409187305,0.36816320897894145,,,8.4,,
sweep_clean,phase1,22,,small2,,,42,42,,,,3,4096,0.001,0.0001,0.0,32,"128,64",157441,3,0.35652910356377315,0.34409580147911295,0.35652910356377315,,0.5865967963423538,0.5971005807766169,,,9.21,,
sweep_clean,phase1,23,,deep4,,,42,42,,,,3,16384,0.004,0.0,0.0,64,"512,256,128,64",451801,3,0.24572770919249434,0.2373602231356499,0.24572770919249434,,0.4871962880971589,0.4957092990780931,,,13.16,,
sweep_clean,phase1,24,,small2,,,42,42,,,,3,16384,0.001,0.001,0.05,32,"128,64",157441,3,2.5323739141296593,2.4943613792829513,2.5323739141296593,,1.5793547351000508,1.5913434306049903,,,11.08,,
sweep_clean,phase1,25,,small2,,,42,42,,,,3,8192,0.0005,0.001,0.05,64,"128,64",248025,3,2.0564710285333208,2.043211423036229,2.0564710285333208,,1.429409466540721,1.4340401070169972,,,11.53,,
sweep_clean,phase1,26,,big3,,,42,42,,,,3,2048,0.002,0.001,0.2,32,"1024,512,256",874497,3,0.13767058733779236,0.13589315874986949,0.13767058733779236,,0.3686368928225571,0.37103987297565794,,,28.47,,
sweep_clean,phase1,27,,wide2,,,42,42,,,,3,8192,0.004,0.0,0.2,64,"512,256",410841,3,0.17957832962419096,0.17172208194200356,0.17957832962419096,,0.4143936316378469,0.42376683403045,,,17.22,,
sweep_clean,phase1,28,,big4,,,42,42,,,,3,2048,0.001,0.001,0.1,64,"1024,512,256,128",1021145,3,0.14226630887494085,0.1401982151526016,0.14226630887494085,,0.37443052112855546,0.3771820632995965,,,31.14,,
sweep_clean,phase1,29,,deep4,,,42,42,,,,3,8192,0.0005,0.0001,0.0,64,"512,256,128,64",451801,3,0.41132289261799804,0.42425324809184994,0.41132289261799804,,0.6513472561482468,0.6413445974029859,,,14.83,,
sweep_clean,phase1,30,,deep4,,,42,42,,,,3,4096,0.002,0.0,0.2,64,"512,256,128,64",451801,3,0.257036390784013,0.2497905533981171,0.257036390784013,,0.49979050951185244,0.5069875647232513,,,19.26,,
sweep_clean,phase1,31,,big4,,,42,42,,,,3,2048,0.003,0.001,0.05,64,"1024,512,256,128",1021145,2,0.15584700491616343,0.15074880692615852,0.15584700491616343,,0.38826383674784665,0.39477462547150044,,,28.37,,
sweep_clean,phase1,32,,base2,,,42,42,,,,3,2048,0.004,0.0,0.2,32,"256,128",192001,3,0.16415012749514554,0.16003940013437093,0.16415012749514554,,0.4000492471363631,0.4051544489390997,,,10.54,,
sweep_clean,phase1,33,,deep4,,,42,42,,,,3,2048,0.004,0.0001,0.05,32,"512,256,128,64",351233,2,0.14647581882232458,0.14207913455539467,0.14647581882232458,,0.3769338596562992,0.38272159440293485,,,15.67,,
sweep_clean,phase1,34,,base2,,,42,42,,,,3,16384,0.004,0.001,0.05,64,"256,128",285913,3,0.3056993787647454,0.296281594246395,0.3056993787647454,,0.5443175490891278,0.5529008760752196,,,12.11,,
sweep_clean,phase1,35,,wide2,,,42,42,,,,3,4096,0.004,0.001,0.2,64,"512,256",410841,2,0.16714877514679197,0.16036338366214756,0.16714877514679197,,0.4004539719645038,0.4088383239702364,,,14.35,,
sweep_clean,phase1,36,,small2,,,42,42,,,,3,8192,0.001,0.0001,0.1,64,"128,64",248025,3,0.7534476557534926,0.734456271082181,0.7534476557534926,,0.8570042421611348,0.8680136264791541,,,10.31,,
sweep_clean,phase1,37,,wide2,,,42,42,,,,3,4096,0.001,0.0001,0.1,64,"512,256",410841,3,0.19280867305507607,0.18805873673957715,0.19280867305507607,,0.4336573955780959,0.4390998440617761,,,14.6,,
sweep_clean,phase1,38,,big4,,,42,42,,,,3,4096,0.001,0.001,0.2,64,"1024,512,256,128",1021145,3,0.18293036823774375,0.17717460018270872,0.18293036823774375,,0.4209211329723286,0.427703598579371,,,25.8,,
sweep_clean,phase1,39,,big4,,,42,42,,,,3,4096,0.002,0.0001,0.0,32,"1024,512,256,128",907265,3,0.13939150446046547,0.13540587168408,0.13939150446046547,,0.36797536831163036,0.3733517168307459,,,18.22,,
sweep_clean,phase1,40,,base2,,,42,42,,,,3,2048,0.004,0.0001,0.05,32,"256,128",192001,3,0.1409967559844056,0.13782180045302342,0.1409967559844056,,0.37124358641331895,0.37549534748703023,,,10.17,,
sweep_clean,phase1,41,,base2,,,42,42,,,,3,8192,0.003,0.0,0.05,64,"256,128",285913,3,0.20995967581596195,0.20254906592060762,0.20995967581596195,,0.4500545143875435,0.4582135700914607,,,11.65,,
sweep_clean,phase1,42,,deep4,,,42,42,,,,3,2048,0.004,0.001,0.2,32,"512,256,128,64",351233,3,0.20367172940955605,0.199972653443149,0.20367172940955605,,0.44718302007472177,0.45130004366225807,,,15.17,,
sweep_clean,phase1,43,,wide2,,,42,42,,,,3,4096,0.004,0.0001,0.1,32,"512,256",310273,3,0.1520156903734711,0.1465968257814124,0.1520156903734711,,0.3828796492129249,0.3898918957524907,,,14.62,,
sweep_clean,phase1,44,,deep4,,,42,42,,,,3,8192,0.0005,0.0,0.1,32,"512,256,128,64",351233,3,0.5519352240580994,0.5915219349160031,0.5519352240580994,,0.7691046319688909,0.742923430817806,,,16.04,,
sweep_clean,phase1,45,,big4,,,42,42,,,,3,16384,0.002,0.0,0.2,64,"1024,512,256,128",1021145,3,0.40437171858711074,0.3998257672311441,0.40437171858711074,,0.6323177739326518,0.6359022869805634,,,25.94,,
sweep_clean,phase1,46,,small2,,,42,42,,,,3,8192,0.002,0.0,0.2,32,"128,64",157441,3,0.45022567730139007,0.43366436947045683,0.45022567730139007,,0.6585319805981004,0.670988582094651,,,10.22,,
sweep_clean,phase1,47,,deep3,,,42,42,,,,3,8192,0.001,0.001,0.0,64,"512,256,128",443609,3,0.2659630864078754,0.26412324790170505,0.2659630864078754,,0.5139292246036462,0.5157160908948599,,,12.62,,
sweep_clean,phase1,48,,deep4,,,42,42,,,,3,4096,0.001,0.0001,0.05,32,"512,256,128,64",351233,3,0.22117990750394245,0.21759069189235786,0.22117990750394245,,0.46646617443535804,0.47029767967101693,,,17.25,,
sweep_clean,phase1,49,,big4,,,42,42,,,,3,4096,0.0005,0.0,0.1,32,"1024,512,256,128",907265,3,0.2349733458290593,0.22645006288973699,0.2349733458290593,,0.47586769473219864,0.4847404932838387,,,26.39,,
sweep_clean,phase1,50,,deep3,,,42,42,,,,3,16384,0.003,0.001,0.1,64,"512,256,128",443609,3,0.2875069184382979,0.2790354470425655,0.2875069184382979,,0.5282380590629243,0.5361967161763469,,,16.18,,
sweep_clean,phase1,51,,big4,,,42,42,,,,3,16384,0.003,0.0001,0.2,64,"1024,512,256,128",1021145,3,0.4476334868789651,0.438874122148594,0.4476334868789651,,0.6624757521212334,0.6690541733514298,,,25.95,,
sweep_clean,phase1,52,,big4,,,42,42,,,,3,2048,0.0005,0.0001,0.1,32,"1024,512,256,128",907265,3,0.17539259006948665,0.17110381035456487,0.17539259006948665,,0.4136469634296436,0.41879898527752746,,,29.33,,
sweep_clean,phase1,53,,big4,,,42,42,,,,3,2048,0.002,0.0001,0.0,64,"1024,512,256,128",1021145,3,0.13167860961760264,0.12866407741897898,0.13167860961760264,,0.35869775217999206,0.3628754739819194,,,21.38,,
sweep_clean,phase1,54,,wide2,,,42,42,,,,3,1024,0.004,0.0,0.05,32,"512,256",310273,1,0.14235838271748852,0.1394806016843192,0.14235838271748852,,0.37347101853332504,0.3773040984636776,,,15.95,,
sweep_clean,phase1,55,,deep4,,,42,42,,,,3,2048,0.004,0.0001,0.0,32,"512,256,128,64",351233,2,0.13997905366995386,0.13587602856273998,0.13997905366995386,,0.36861365759116954,0.3741377469194386,,,13.73,,
sweep_clean,phase1,56,,wide2,,,42,42,,,,3,16384,0.0005,0.001,0.05,64,"512,256",410841,3,0.8219296876742131,0.8714203269994971,0.8219296876742131,,0.9334989700045186,0.9066033794742954,,,17.36,,
sweep_clean,phase1,57,,deep3,,,42,42,,,,3,4096,0.0005,0.0,0.05,32,"512,256,128",343041,3,0.29434231628595586,0.29794561074775316,0.29434231628595586,,0.5458439435843849,0.5425332397982228,,,17.55,,
sweep_clean,phase1,58,,base2,,,42,42,,,,3,4096,0.001,0.0001,0.1,32,"256,128",192001,3,0.2380661267468349,0.23303596753581413,0.2380661267468349,,0.4827379905661187,0.4879202053070101,,,13.06,,
sweep_clean,phase1,59,,big4,,,42,42,,,,3,16384,0.0005,0.0001,0.1,64,"1024,512,256,128",1021145,3,0.6096996406941626,0.6757313228166684,0.6096996406941626,,0.8220287846643014,0.7808326585729893,,,28.94,,
sweep_clean,phase1,60,,base2,,,42,42,,,,3,1024,0.004,0.0001,0.2,32,"256,128",192001,1,0.17412514781166116,0.17026262382281532,0.17412514781166116,,0.4126289178218309,0.41728305478615013,,,12.54,,
sweep_clean,phase1,61,,base2,,,42,42,,,,3,2048,0.004,0.0,0.1,64,"256,128",285913,2,0.14948183293259598,0.1452552473299649,0.14948183293259598,,0.38112366409075793,0.38662880509940795,,,11.79,,
sweep_clean,phase1,62,,big4,,,42,42,,,,3,1024,0.003,0.0,0.1,64,"1024,512,256,128",1021145,1,0.17007043327664403,0.1643145362788364,0.17007043327664403,,0.4053572945918655,0.4123959666105429,,,30.93,,
sweep_clean,phase1,63,,wide2,,,42,42,,,,3,16384,0.003,0.0,0.2,64,"512,256",410841,3,0.24794577423008257,0.24141691935869888,0.24794577423008257,,0.49134195766156474,0.4979415369599955,,,16.51,,
sweep_clean,phase1,64,,small2,,,42,42,,,,3,8192,0.003,0.0001,0.05,64,"128,64",248025,3,0.27880277666523345,0.26863989208173467,0.27880277666523345,,0.5183048254470863,0.5280177806336008,,,11.38,,
sweep_clean,phase1,65,,deep4,,,42,42,,,,3,1024,0.003,0.0,0.2,32,"512,256,128,64",351233,1,0.2052427275558904,0.20046205940949371,0.2052427275558904,,0.4477298955949823,0.4530372253533813,,,18.98,,
sweep_clean,phase1,66,,wide2,,,42,42,,,,3,4096,0.001,0.001,0.05,32,"512,256",310273,3,0.2139925440434707,0.2104639228185056,0.2139925440434707,,0.4587634715389899,0.4625932814508558,,,16.08,,
sweep_clean,phase1,67,,big4,,,42,42,,,,3,16384,0.003,0.001,0.05,64,"1024,512,256,128",1021145,3,0.385263286537368,0.3752464919168664,0.385263286537368,,0.6125736624413968,0.6206958083774757,,,28.32,,
sweep_clean,phase1,68,,small2,,,42,42,,,,3,1024,0.004,0.001,0.05,32,"128,64",157441,2,0.14431008815281574,0.13998354176043445,0.14431008815281574,,0.374143744783251,0.3798816765162749,,,11.67,,
sweep_clean,phase1,69,,base2,,,42,42,,,,3,16384,0.001,0.0001,0.0,64,"256,128",285913,3,0.9642901987179309,0.9592817915472561,0.9642901987179309,,0.9794293193218467,0.9819827894204312,,,11.96,,
sweep_clean,phase1,70,,big4,,,42,42,,,,3,16384,0.0005,0.001,0.0,64,"1024,512,256,128",1021145,3,0.587419721508142,0.649631690282231,0.587419721508142,,0.8059973264733767,0.7664331161348276,,,20.03,,
sweep_clean,phase1,71,,big4,,,42,42,,,,3,4096,0.001,0.0,0.1,64,"1024,512,256,128",1021145,3,0.17053564685590625,0.16488887196390065,0.17053564685590625,,0.4060651080355226,0.41295961891679706,,,28.58,,
sweep_clean,phase1,72,,deep4,,,42,42,,,,3,8192,0.0005,0.0,0.0,32,"512,256,128,64",351233,3,0.5151191803891433,0.5507188379584981,0.5151191803891433,,0.7421043309121017,0.7177180368286304,,,14.41,,
sweep_clean,phase1,73,,small2,,,42,42,,,,3,8192,0.004,0.001,0.2,32,"128,64",157441,3,0.2844672779645149,0.2727542527024446,0.2844672779645149,,0.5222587985878693,0.5333547393288213,,,12.0,,
sweep_clean,phase1,74,,deep4,,,42,42,,,,3,4096,0.001,0.001,0.2,32,"512,256,128,64",351233,2,0.34850664273515636,0.35128044355413734,0.34850664273515636,,0.5926891626764719,0.5903445119039867,,,19.16,,
sweep_clean,phase1,75,,big3,,,42,42,,,,3,4096,0.004,0.0001,0.1,32,"1024,512,256",874497,3,0.14141788335290909,0.13985259176299447,0.14141788335290909,,0.3739687042561108,0.37605569182357695,,,27.45,,
sweep_clean,phase1,76,,base2,,,42,42,,,,3,2048,0.003,0.0,0.0,64,"256,128",285913,3,0.1339216805318892,0.12955823338404393,0.1339216805318892,,0.35994198613671613,0.36595311247738993,,,10.63,,
sweep_clean,phase1,77,,big4,,,42,42,,,,3,16384,0.004,0.001,0.1,64,"1024,512,256,128",1021145,3,0.24035450855264442,0.2320225479452152,0.24035450855264442,,0.4816871888946344,0.4902596338193105,,,28.47,,
sweep_clean,phase1,78,,small2,,,42,42,,,,3,1024,0.004,0.001,0.1,32,"128,64",157441,3,0.15195139705769947,0.14843631509414165,0.15195139705769947,,0.3852743374455943,0.38980943685049424,,,11.34,,
sweep_clean,phase1,79,,big3,,,42,42,,,,3,8192,0.004,0.0001,0.05,32,"1024,512,256",874497,3,0.16941111481410764,0.16241784013270166,0.16941111481410764,,0.40301096775733247,0.41159581486466507,,,27.22,,
sweep_clean,phase1,80,,big4,,,42,42,,,,3,2048,0.0005,0.001,0.1,64,"1024,512,256,128",1021145,3,0.1805584267449534,0.17663541597564777,0.1805584267449534,,0.42028016367138693,0.4249216713053753,,,29.45,,
sweep_clean,phase1,81,,deep3,,,42,42,,,,3,1024,0.002,0.0001,0.05,32,"512,256,128",343041,3,0.13744394517816536,0.1342623699406032,0.13744394517816536,,0.36641829913447715,0.3707343323434793,,,19.15,,
sweep_clean,phase1,82,,small2,,,42,42,,,,3,16384,0.002,0.0001,0.0,32,"128,64",157441,3,1.0511449089875848,1.0219499202900975,1.0511449089875848,,1.0109153873050392,1.0252535827723719,,,11.07,,
sweep_clean,phase1,83,,big3,,,42,42,,,,3,1024,0.001,0.001,0.0,64,"1024,512,256",988377,3,0.12171724793248775,0.11855433620979137,0.12171724793248775,,0.3443172028955152,0.348879990731036,,,23.15,,
sweep_clean,phase1,84,,base2,,,42,42,,,,3,4096,0.003,0.001,0.1,64,"256,128",285913,3,0.16568825814280808,0.1597040427389347,0.16568825814280808,,0.3996298821896765,0.40704822581950667,,,13.19,,
sweep_clean,phase1,85,,big3,,,42,42,,,,3,16384,0.001,0.0,0.05,32,"1024,512,256",874497,3,0.4930626024155345,0.5140949967084947,0.4930626024155345,,0.7170041817928922,0.7021841655972701,,,26.57,,
sweep_clean,phase1,86,,deep3,,,42,42,,,,3,2048,0.003,0.0001,0.0,64,"512,256,128",443609,3,0.13230227215085993,0.12867308162074745,0.13230227215085993,,0.3587103031984828,0.3637337929734601,,,13.41,,
sweep_clean,phase1,87,,small2,,,42,42,,,,3,1024,0.0005,0.001,0.1,64,"128,64",248025,3,0.20928699066509515,0.20447192928462704,0.20928699066509515,,0.45218572432643983,0.45747895106233594,,,11.93,,
sweep_clean,phase1,88,,wide2,,,42,42,,,,3,16384,0.0005,0.0,0.0,32,"512,256",310273,3,1.128946057696596,1.2235506041967308,1.128946057696596,,1.1061422169851085,1.0625187328685533,,,13.34,,
sweep_clean,phase1,89,,base2,,,42,42,,,,3,4096,0.003,0.001,0.2,32,"256,128",192001,3,0.19221104585511287,0.18630619108815188,0.19221104585511287,,0.43163200887810893,0.4384188018950748,,,12.91,,
sweep_clean,phase1,90,,small2,,,42,42,,,,3,2048,0.004,0.0,0.1,32,"128,64",157441,3,0.15913968891755034,0.15393857810858938,0.15913968891755034,,0.3923500708660435,0.3989231616709543,,,10.31,,
sweep_clean,phase1,91,,deep4,,,42,42,,,,3,1024,0.004,0.0001,0.2,64,"512,256,128,64",451801,3,0.16309699748080214,0.16241917108289172,0.16309699748080214,,0.4030126190119755,0.40385269279875075,,,19.85,,
sweep_clean,phase1,92,,big4,,,42,42,,,,3,2048,0.004,0.0001,0.0,64,"1024,512,256,128",1021145,1,0.1504113197826417,0.14359857099630188,0.1504113197826417,,0.37894402092697266,0.3878289826491075,,,21.35,,
sweep_clean,phase1,93,,wide2,,,42,42,,,,3,16384,0.001,0.0,0.0,64,"512,256",410841,3,0.4713986763026263,0.4793780795565454,0.4713986763026263,,0.692371345129581,0.6865847917793011,,,13.87,,
sweep_clean,phase1,94,,wide2,,,42,42,,,,3,2048,0.001,0.001,0.0,32,"512,256",310273,3,0.1533567471993282,0.14968686791604932,0.1533567471993282,,0.3868938716444722,0.391607899817315,,,10.78,,
sweep_clean,phase1,95,,deep4,,,42,42,,,,3,2048,0.001,0.001,0.0,64,"512,256,128,64",451801,3,0.1487263885563717,0.14459419126080822,0.1487263885563717,,0.3802554289695391,0.3856506042473831,,,11.94,,
sweep_clean,phase1,96,,wide2,,,42,42,,,,3,8192,0.002,0.0,0.05,64,"512,256",410841,3,0.19847774949016533,0.1909813717493212,0.19847774949016533,,0.4370141550903371,0.4455084168567024,,,14.91,,
sweep_clean,phase1,97,,big4,,,42,42,,,,3,4096,0.003,0.0001,0.2,64,"1024,512,256,128",1021145,3,0.18320965908061468,0.17857677168366376,0.18320965908061468,,0.42258344937262243,0.42802997451184965,,,26.21,,
sweep_clean,phase1,98,,deep3,,,42,42,,,,3,4096,0.003,0.0001,0.2,32,"512,256,128",343041,3,0.17195162654945143,0.16698451537856993,0.17195162654945143,,0.40863738862048576,0.41467050359225144,,,17.56,,
sweep_clean,phase1,99,,big3,,,42,42,,,,3,1024,0.002,0.001,0.1,64,"1024,512,256",988377,2,0.13741306326665748,0.13326512906159393,0.13741306326665748,,0.3650549671783606,0.3706926803521449,,,26.33,,
sweep_clean,phase1,100,,base2,,,42,42,,,,3,16384,0.004,0.001,0.2,64,"256,128",285913,3,0.32949518342114836,0.31991333801978683,0.32949518342114836,,0.5656088206700695,0.5740167100539394,,,12.09,,
sweep_clean,phase1,101,,deep4,,,42,42,,,,3,1024,0.0005,0.001,0.2,64,"512,256,128,64",451801,3,0.22753213293520047,0.22503843924724726,0.22753213293520047,,0.4743821658191286,0.47700328398785735,,,16.35,,
sweep_clean,phase1,102,,deep4,,,42,42,,,,3,4096,0.0005,0.0001,0.1,32,"512,256,128,64",351233,3,0.338174483492959,0.3430100040895096,0.338174483492959,,0.5856705593501432,0.5815277151546253,,,15.81,,
sweep_clean,phase1,103,,base2,,,42,42,,,,3,4096,0.001,0.0001,0.1,64,"256,128",285913,3,0.23722418334771753,0.2298486960774754,0.23722418334771753,,0.47942538113607985,0.4870566531192419,,,11.47,,
sweep_clean,phase1,104,,wide2,,,42,42,,,,3,1024,0.0005,0.0001,0.2,64,"512,256",410841,3,0.16586577679773887,0.16273723332599602,0.16586577679773887,,0.40340703182517285,0.4072662234923722,,,15.2,,
sweep_clean,phase1,105,,big4,,,42,42,,,,3,4096,0.003,0.001,0.2,64,"1024,512,256,128",1021145,3,0.1833790207679018,0.17878889808601833,0.1833790207679018,,0.42283436247071776,0.4282277673947613,,,25.56,,
sweep_clean,phase1,106,,small2,,,42,42,,,,3,8192,0.002,0.0,0.05,64,"128,64",248025,3,0.3676913406587625,0.3560413602948725,0.3676913406587625,,0.5966920146062561,0.6063755772281421,,,10.26,,
sweep_clean,phase1,107,,big4,,,42,42,,,,3,8192,0.0005,0.0001,0.05,64,"1024,512,256,128",1021145,3,0.3386235041844248,0.3523017513979238,0.3386235041844248,,0.5935501254299621,0.5819136569839419,,,26.17,,
sweep_clean,phase1,108,,big3,,,42,42,,,,3,2048,0.004,0.0,0.05,32,"1024,512,256",874497,3,0.12663275167648547,0.12285155175265378,0.12663275167648547,,0.3505018569888807,0.355854958763378,,,24.64,,
sweep_clean,phase1,109,,base2,,,42,42,,,,3,2048,0.002,0.0001,0.2,64,"256,128",285913,3,0.18009817168944126,0.17612415206529777,0.18009817168944126,,0.41967148111981323,0.4243797493866092,,,12.31,,
sweep_clean,phase1,110,,wide2,,,42,42,,,,3,4096,0.0005,0.001,0.1,32,"512,256",310273,3,0.34125301704448846,0.357523416969798,0.34125301704448846,,0.5979326190883033,0.5841686546233789,,,17.31,,
sweep_clean,phase1,111,,wide2,,,42,42,,,,3,16384,0.001,0.0,0.05,64,"512,256",410841,3,0.47006289180529387,0.4786407876900315,0.47006289180529387,,0.6918387006304515,0.6856113270689844,,,16.66,,
sweep_clean,phase1,112,,deep4,,,42,42,,,,3,2048,0.004,0.001,0.05,32,"512,256,128,64",351233,2,0.14697443580974082,0.14243287931862844,0.14697443580974082,,0.3774028077778813,0.38337245050960667,,,18.54,,
sweep_clean,phase1,113,,small2,,,42,42,,,,3,1024,0.002,0.0,0.0,32,"128,64",157441,3,0.13605420990767728,0.1320197634383219,0.13605420990767728,,0.36334524001054685,0.36885526959456233,,,10.39,,
sweep_clean,phase1,114,,big3,,,42,42,,,,3,4096,0.002,0.001,0.2,64,"1024,512,256",988377,3,0.171478693066501,0.16545673922666648,0.171478693066501,,0.4067637388296387,0.41409985881004713,,,29.4,,
sweep_clean,phase1,115,,wide2,,,42,42,,,,3,4096,0.002,0.0001,0.05,64,"512,256",410841,3,0.1579130370271682,0.15206152100600406,0.1579130370271682,,0.389950664835956,0.3973827336802245,,,19.05,,
sweep_clean,phase1,116,,base2,,,42,42,,,,3,1024,0.004,0.001,0.0,32,"256,128",192001,2,0.13436464340464646,0.13056243415405744,0.13436464340464646,,0.3613342416019515,0.36655783091436805,,,11.09,,
sweep_clean,phase1,117,,big4,,,42,42,,,,3,8192,0.001,0.0,0.05,64,"1024,512,256,128",1021145,3,0.23525989509800882,0.22996101218895237,0.23525989509800882,,0.47954250300567974,0.4850359729937655,,,28.49,,
sweep_clean,phase1,118,,deep4,,,42,42,,,,3,2048,0.002,0.0,0.0,32,"512,256,128,64",351233,3,0.13607853534946324,0.1335231359688378,0.13607853534946324,,0.36540817720576235,0.36888824235730694,,,11.68,,
sweep_clean,phase1,119,,deep3,,,42,42,,,,3,16384,0.003,0.0001,0.0,64,"512,256,128",443609,3,0.2847306963594337,0.27613548696471324,0.2847306963594337,,0.5254859531564219,0.5336016270209769,,,12.76,,
sweep_clean,phase1,120,,big4,,,42,42,,,,3,1024,0.001,0.0001,0.0,32,"1024,512,256,128",907265,3,0.12452404458302505,0.12152008674357838,0.12452404458302505,,0.3485973131617316,0.3528796460310867,,,19.77,,
sweep_clean,phase1,121,,deep4,,,42,42,,,,3,8192,0.003,0.0001,0.0,64,"512,256,128,64",451801,3,0.20233236435636268,0.19448583445272363,0.20233236435636268,,0.4410054812048526,0.44981369960947465,,,12.7,,
sweep_clean,phase1,122,,deep4,,,42,42,,,,3,4096,0.003,0.0001,0.2,32,"512,256,128,64",351233,3,0.24208930368934597,0.23646060977535308,0.24208930368934597,,0.48627215607656693,0.49202571445946397,,,15.97,,
sweep_clean,phase1,123,,wide2,,,42,42,,,,3,4096,0.004,0.0001,0.1,64,"512,256",410841,2,0.15678034555084097,0.14973098812374552,0.15678034555084097,,0.38695088593224014,0.3959549791969296,,,14.95,,
sweep_clean,phase1,124,,small2,,,42,42,,,,3,2048,0.003,0.0,0.0,64,"128,64",248025,3,0.13740991092799232,0.1336386529885441,0.13740991092799232,,0.3655662087618932,0.37068842837077115,,,8.08,,
sweep_clean,phase1,125,,deep4,,,42,42,,,,3,1024,0.0005,0.0,0.05,64,"512,256,128,64",451801,3,0.1568259909179328,0.15351106739607212,0.1568259909179328,,0.39180488434432786,0.39601261459445053,,,17.1,,
sweep_clean,phase1,126,,big4,,,42,42,,,,3,4096,0.0005,0.0001,0.0,64,"1024,512,256,128",1021145,3,0.20396129372226526,0.19853956059122932,0.20396129372226526,,0.4455777828743589,0.4516207410231125,,,19.69,,
sweep_clean,phase1,127,,small2,,,42,42,,,,3,16384,0.0005,0.0,0.0,32,"128,64",157441,3,7.301332198973676,7.298332901285154,7.301332198973676,,2.7015426891472867,2.702097740455307,,,10.13,,
sweep_clean,phase1,128,,deep3,,,42,42,,,,3,1024,0.002,0.001,0.0,64,"512,256,128",443609,3,0.12278933263989074,0.1197265550227927,0.12278933263989074,,0.34601525258692384,0.3504130885681794,,,12.11,,
sweep_clean,phase1,129,,small2,,,42,42,,,,3,8192,0.002,0.0001,0.2,64,"128,64",248025,3,0.3949307478916729,0.38290387271268006,0.3949307478916729,,0.6187922694351312,0.6284351580645953,,,10.16,,
sweep_clean,phase1,130,,big3,,,42,42,,,,3,4096,0.0005,0.0,0.05,64,"1024,512,256",988377,3,0.21287989864411674,0.2068272355290649,0.21287989864411674,,0.45478262448016293,0.46138909679804607,,,24.52,,
sweep_clean,phase1,131,,wide2,,,42,42,,,,3,2048,0.002,0.001,0.05,32,"512,256",310273,3,0.13703245099526645,0.13408935614975553,0.13703245099526645,,0.36618213521382437,0.37017894455960954,,,13.57,,
sweep_clean,phase1,132,,wide2,,,42,42,,,,3,2048,0.001,0.0,0.2,64,"512,256",410841,3,0.16403086330677222,0.1599452542199267,0.16403086330677222,,0.3999315619201949,0.40500723858564824,,,13.65,,
sweep_clean,phase1,133,,small2,,,42,42,,,,3,16384,0.003,0.0001,0.0,32,"128,64",157441,3,0.6876700211111452,0.6640123686608378,0.6876700211111452,,0.8148695408842067,0.8292587178384953,,,9.89,,
sweep_clean,phase1,134,,base2,,,42,42,,,,3,4096,0.002,0.0001,0.2,32,"256,128",192001,3,0.1939458600463738,0.18764120667700113,0.1939458600463738,,0.43317572263112936,0.44039284740601065,,,11.09,,
sweep_clean,phase1,135,,small2,,,42,42,,,,3,2048,0.003,0.0,0.0,32,"128,64",157441,3,0.14633375381210958,0.14190366916290062,0.14633375381210958,,0.37670103419409484,0.38253595100605847,,,8.12,,
sweep_clean,phase1,136,,deep3,,,42,42,,,,3,8192,0.001,0.0,0.0,32,"512,256,128",343041,3,0.3386907722231475,0.34339831150522915,0.3386907722231475,,0.5860019722707673,0.5819714530998471,,,12.3,,
sweep_clean,phase1,137,,base2,,,42,42,,,,3,1024,0.004,0.0,0.05,32,"256,128",192001,3,0.1414351022096364,0.1368208365737044,0.1414351022096364,,0.36989300692727944,0.3760785851516095,,,10.7,,
sweep_clean,phase1,138,,deep3,,,42,42,,,,3,16384,0.002,0.0001,0.05,64,"512,256,128",443609,3,0.3387001007909972,0.33632606104288265,0.3387001007909972,,0.5799362560168856,0.5819794676713236,,,16.2,,
sweep_clean,phase1,139,,big3,,,42,42,,,,3,4096,0.0005,0.001,0.2,64,"1024,512,256",988377,3,0.2267201717151159,0.22027864441571413,0.2267201717151159,,0.4693385179331802,0.47615141679419154,,,24.6,,
sweep_clean,phase1,140,,big3,,,42,42,,,,3,2048,0.0005,0.0001,0.05,64,"1024,512,256",988377,3,0.1595712202455978,0.15537894364741087,0.1595712202455978,,0.3941813588279015,0.39946366573894776,,,24.42,,
sweep_clean,phase1,141,,deep3,,,42,42,,,,3,8192,0.002,0.0001,0.05,64,"512,256,128",443609,3,0.20747739753612135,0.20047077066587343,0.20747739753612135,,0.44773962373892423,0.45549686885435486,,,15.73,,
sweep_clean,phase1,142,,deep4,,,42,42,,,,3,16384,0.002,0.0,0.05,32,"512,256,128,64",351233,3,0.45521101149702026,0.46341170125932835,0.45521101149702026,,0.6807434915291724,0.6746932721592978,,,16.49,,
sweep_clean,phase1,143,,big4,,,42,42,,,,3,2048,0.0005,0.0001,0.2,64,"1024,512,256,128",1021145,3,0.1683504665851843,0.16417870382179434,0.1683504665851843,,0.40518971337114956,0.41030533336185665,,,25.23,,
sweep_clean,phase1,144,,big4,,,42,42,,,,3,16384,0.001,0.001,0.0,64,"1024,512,256,128",1021145,3,0.4091899252425395,0.4308835090190306,0.4091899252425395,,0.6564171760542458,0.63967954887001,,,18.3,,
sweep_clean,phase1,145,,big3,,,42,42,,,,3,2048,0.001,0.0,0.2,32,"1024,512,256",874497,3,0.14393892864417032,0.14208906928850218,0.14393892864417032,,0.37694703777653193,0.37939284210982466,,,23.81,,
sweep_clean,phase1,146,,big4,,,42,42,,,,3,2048,0.004,0.001,0.2,64,"1024,512,256,128",1021145,1,0.17941345086225474,0.17347529572984094,0.17941345086225474,,0.41650365632229563,0.42357224987273984,,,25.37,,
sweep_clean,phase1,147,,base2,,,42,42,,,,3,8192,0.0005,0.0001,0.1,64,"256,128",285913,3,0.8251790344621414,0.8246207512045147,0.8251790344621414,,0.9080863126402219,0.9083936561106871,,,11.65,,
sweep_clean,phase1,148,,small2,,,42,42,,,,3,2048,0.002,0.0,0.05,32,"128,64",157441,3,0.16461901664787051,0.15936438957671464,0.16461901664787051,,0.3992046963359958,0.4057326911254139,,,8.62,,
sweep_clean,phase1,149,,wide2,,,42,42,,,,3,1024,0.0005,0.0,0.05,32,"512,256",310273,3,0.15179420757605253,0.1496212719732279,0.15179420757605253,,0.38680908982756323,0.38960776118559615,,,14.07,,
sweep_clean,phase1,150,,deep3,,,42,42,,,,3,4096,0.004,0.0,0.0,32,"512,256,128",343041,3,0.14234651138674337,0.1357984040318014,0.14234651138674337,,0.36850835001638893,0.3772883663548922,,,13.02,,
sweep_clean,phase2,1,,big3,,,42,42,,,,10,1024,0.001,0.001,0.0,64,"1024,512,256",988377,9,0.1109288980403431,0.10602437097526612,0.1109288980403431,,0.32561383719870707,0.33305990157979554,,,69.48,,
sweep_clean,phase2,2,,deep3,,,42,42,,,,10,1024,0.002,0.001,0.0,64,"512,256,128",443609,8,0.11491889903850258,0.10981650911274865,0.11491889903850258,,0.3313857406599576,0.3389969012225666,,,42.72,,
sweep_clean,phase2,3,,wide2,,,42,42,,,,10,1024,0.004,0.0001,0.0,32,"512,256",310273,10,0.11537462821084024,0.10983356808230404,0.11537462821084024,,0.3314114785011286,0.3396684092035058,,,36.99,,
sweep_clean,phase2,4,,big4,,,42,42,,,,10,1024,0.001,0.0001,0.0,32,"1024,512,256,128",907265,9,0.10991490396431305,0.10591304234002237,0.10991490396431305,,0.32544284035760007,0.33153416711451184,,,65.19,,
sweep_clean,phase2,5,,big3,,,42,42,,,,10,2048,0.004,0.0,0.05,32,"1024,512,256",874497,4,0.12570151963295778,0.12176707065776834,0.12570151963295778,,0.3489513872415015,0.3545441011114947,,,83.19,,
sweep_clean,phase2,6,,big4,,,42,42,,,,10,2048,0.002,0.0001,0.0,64,"1024,512,256,128",1021145,5,0.11452312069889597,0.11058729062880453,0.11452312069889597,,0.3325466743613662,0.33841264855039915,,,64.98,,
sweep_clean,phase2,7,,deep3,,,42,42,,,,10,2048,0.003,0.0001,0.0,64,"512,256,128",443609,9,0.11425227017517434,0.11025976973669843,0.11425227017517434,,0.3320538657156372,0.33801223376554634,,,39.48,,
sweep_clean,phase2,8,,base2,,,42,42,,,,10,2048,0.003,0.0,0.0,64,"256,128",285913,10,0.12234572386860995,0.11708437939524172,0.12234572386860995,,0.34217594800809964,0.3497795360918216,,,30.4,,
sweep_clean,phase2,9,,base2,,,42,42,,,,10,1024,0.004,0.001,0.0,32,"256,128",192001,9,0.12543379916087205,0.12125981009743118,0.12543379916087205,,0.34822379312366236,0.3541663439132409,,,32.01,,
sweep_clean,phase2,10,,small2,,,42,42,,,,10,1024,0.004,0.0001,0.0,32,"128,64",157441,5,0.12801229641550746,0.1226209369253655,0.12801229641550746,,0.35017272441663055,0.3577880607503658,,,27.94,,
sweep_clean,phase2,11,,small2,,,42,42,,,,10,1024,0.002,0.0,0.0,32,"128,64",157441,10,0.12428005784060493,0.11863940754339018,0.12428005784060493,,0.34444071702310425,0.35253376836922296,,,28.82,,
sweep_clean,phase2,12,,deep4,,,42,42,,,,10,2048,0.002,0.0,0.0,32,"512,256,128,64",351233,8,0.11746263643853909,0.112542847471083,0.11746263643853909,,0.33547406378300393,0.34272822533100344,,,39.72,,
sweep_clean,phase2,13,,wide2,,,42,42,,,,10,2048,0.002,0.001,0.05,32,"512,256",310273,10,0.11769691326672715,0.11323181873305484,0.11769691326672715,,0.3364993591866927,0.34306983730244656,,,45.92,,
sweep_clean,phase2,14,,small2,,,42,42,,,,10,2048,0.003,0.0,0.0,64,"128,64",248025,9,0.12483957251923575,0.12199065539725742,0.12483957251923575,,0.34927160691538817,0.35332643903228605,,,27.37,,
sweep_clean,phase2,15,,big3,,,42,42,,,,10,1024,0.002,0.001,0.1,64,"1024,512,256",988377,10,0.12998591459410588,0.12682973904899725,0.12998591459410588,,0.35613163163217787,0.36053559407374175,,,82.47,,
sweep_clean,final_test,1,,big4,,,42,42,,,,10,1024,0.001,0.0001,0.0,32,"1024,512,256,128",907265,9,0.109915,0.105913,0.109915,0.117333,0.325443,0.331534,0.342539,,65.7,,
sweep_deep_test,sweep_deep_test,1,,deep6,,,42,42,,,,20,4096,0.002,0.0001,0.0,32,"1024,512,512,256,128,64",1178113,12,,0.10601008808753039,0.11120958114202271,0.11242325827753495,0.3255919042106704,0.33348100566902267,0.3352957773034652,,120.48,,
sweep_deep_test,sweep_deep_test,2,,deep6b,,,42,42,,,,20,4096,0.002,0.001,0.05,32,"2048,1024,512,256,128,64",3092481,2,,0.6154963888846684,0.6252880151089808,0.6391690655182085,0.7845357792253126,0.7907515508103546,0.7994804972719526,,330.33,,
sweep_deep_test,sweep_deep_test,3,,deep6,,,42,42,,,,20,4096,0.003,0.001,0.05,32,"1024,512,512,256,128,64",1178113,15,,0.3367328018708308,0.344341800587917,0.34775929863017757,0.5802868272422103,0.5868064421833804,0.5897111993426762,,195.12,,
sweep_deep_test,sweep_deep_test,4,,deep5,,,42,42,,,,20,2048,0.002,0.0001,0.1,64,"1024,512,256,128,64",1029337,3,,0.18244749884255893,0.1860532356242387,0.19096571554081246,0.4271387348889807,0.4313388872154222,0.4369962420213845,,162.81,,
sweep_deep_test,sweep_deep_test,5,,deep6,,,42,42,,,,20,1024,0.0005,0.0001,0.05,32,"1024,512,512,256,128,64",1178113,1,,0.2777663015668813,0.28554968207685466,0.2949837861458239,0.5270353892926748,0.5343684890380931,0.5431240982922999,,205.62,,
sweep_deep_test,sweep_deep_test,6,,deep5,,,42,42,,,,20,1024,0.0005,0.001,0.1,64,"1024,512,256,128,64",1029337,1,,0.268905515587314,0.27340209901051743,0.29361519508901973,0.5185610046921326,0.5228786656677794,0.5418627087085988,,171.25,,
sweep_deep_test,sweep_deep_test,7,,deep7,,,42,42,,,,20,2048,0.001,0.001,0.05,64,"2048,1024,512,512,256,128,64",3495641,1,,0.24692176645734448,0.25451668152359735,0.2708324825794272,0.4969122321470307,0.5044964633410202,0.5204156824879773,,374.15,,
sweep_deep_test,sweep_deep_test,8,,deep6,,,42,42,,,,20,2048,0.003,0.0,0.0,64,"1024,512,512,256,128,64",1291993,17,,0.10254978972229431,0.10839585050330604,0.11177145126126711,0.32023396091341455,0.32923525100345197,0.3343223762497316,,135.23,,
sweep_deep_test,sweep_deep_test,9,,deep6,,,42,42,,,,20,512,0.001,0.0,0.1,32,"1024,512,512,256,128,64",1178113,19,,0.10014445217049421,0.10220521397711801,0.10368610779329186,0.31645608253041085,0.31969550196572677,0.3220032729543162,,218.91,,
sweep_deep_test,sweep_deep_test,10,,deep4,,,42,42,,,,20,1024,0.0005,0.001,0.1,32,"512,256,128,64",351233,20,,0.11879671808699518,0.11962177720778211,0.12117218066915274,0.3446689978617096,0.3458638130937987,0.3480979469476267,,86.26,,
sweep_deep_test,sweep_deep_test,11,,deep3,,,42,42,,,,20,1024,0.003,0.001,0.05,32,"512,256,128",343041,18,,0.10693645340811281,0.1087433253647892,0.11055640897858247,0.3270113964498987,0.32976252874574635,0.3325002390654516,,82.58,,
sweep_deep_test,sweep_deep_test,12,,deep6b,,,42,42,,,,20,512,0.003,0.0,0.0,64,"2048,1024,512,256,128,64",3232985,18,,0.0970858767517556,0.10031868016429135,0.10199615230979243,0.31158606636330133,0.31673124279788273,0.31936836460393575,,307.07,,
sweep_deep_test,sweep_deep_test,13,,deep4,,,42,42,,,,20,1024,0.002,0.0,0.0,32,"512,256,128,64",351233,20,,0.10229874985150872,0.11027607386501571,0.1120020779309723,0.31984175751691446,0.3320784152350401,0.3346671151024138,,73.23,,
sweep_deep_test,sweep_deep_test,14,,deep6b,,,42,42,,,,20,4096,0.002,0.0,0.1,64,"2048,1024,512,256,128,64",3232985,1,,0.7013735313799504,0.7021207185602819,0.7608883343408546,0.8374804662676918,0.8379264398264814,0.8722891345997923,,318.09,,
sweep_deep_test,sweep_deep_test,15,,deep6b,,,42,42,,,,20,4096,0.0005,0.001,0.0,64,"2048,1024,512,256,128,64",3232985,20,,0.10415404891884836,0.10861080770959666,0.10981942018493387,0.32272906426110487,0.32956153857754195,0.3313901329021941,,216.32,,
sweep_deep_test,sweep_deep_test,16,,deep7,,,42,42,,,,20,1024,0.001,0.0,0.0,32,"2048,1024,512,512,256,128,64",3355137,19,,0.10182768743237075,0.10637012337887075,0.10870031220071065,0.31910450863685824,0.32614432906133867,0.329697303902702,,271.96,,
sweep_deep_test,sweep_deep_test,17,,deep5,,,42,42,,,,20,2048,0.0005,0.001,0.1,32,"1024,512,256,128,64",915457,13,,0.13214858199420562,0.1350492276174475,0.135967499197812,0.36352246422223433,0.36749044561382477,0.36873771057190774,,161.03,,
sweep_deep_test,sweep_deep_test,18,,deep6,,,42,42,,,,20,512,0.0005,0.0001,0.1,32,"1024,512,512,256,128,64",1178113,20,,0.566931342132114,0.5664608103489254,0.5696234751231483,0.7529484325849374,0.7526359082245049,0.754734042642273,,692.61,,
sweep_deep_test,sweep_deep_test,19,,deep4,,,42,42,,,,20,512,0.0005,0.0001,0.0,32,"512,256,128,64",351233,19,,0.10165749986911861,0.10721761029372374,0.10847141407500782,0.31883773281893507,0.3274410027680158,0.329349987209667,,200.7,,
sweep_deep_test,sweep_deep_test,20,,deep7,,,42,42,,,,20,2048,0.002,0.0001,0.05,64,"2048,1024,512,512,256,128,64",3495641,18,,0.1208176268511929,0.1214442538559024,0.12318058156398297,0.34758830079735553,0.34848852758147203,0.35097091270357855,,1090.48,,
sweep_deep_test,sweep_deep_test,21,,deep7,,,42,42,,,,20,4096,0.002,0.0001,0.0,32,"2048,1024,512,512,256,128,64",3355137,19,,0.10344679003378478,0.10864718150238689,0.11093287285600488,0.3216314506291087,0.32961671908807494,0.33306586864463444,,270.37,,
sweep_deep_test,sweep_deep_test,22,,deep7,,,42,42,,,,20,4096,0.002,0.0,0.05,64,"2048,1024,512,512,256,128,64",3495641,1,,0.2997519276180622,0.30796970433399545,0.3315694910398839,0.5474960526050048,0.5549501818487813,0.5758207108466001,,406.64,,
sweep_deep_test,sweep_deep_test,23,,deep3,,,42,42,,,,20,1024,0.001,0.0001,0.05,64,"512,256,128",443609,7,,0.12021384276302555,0.1232072564606008,0.12482466632299884,0.34671867957037666,0.35100891222389324,0.35330534431706356,,133.11,,
sweep_deep_test,sweep_deep_test,24,,deep7,,,42,42,,,,20,1024,0.003,0.0,0.1,64,"2048,1024,512,512,256,128,64",3495641,20,,0.2300018021228898,0.2302784288078,0.23286229547336224,0.47958503117058376,0.47987334663200454,0.4825580747157405,,479.12,,
sweep_deep_test,sweep_deep_test,25,,deep4,,,42,42,,,,20,512,0.003,0.001,0.1,64,"512,256,128,64",451801,19,,0.09565497739018215,0.09858636925513406,0.10019487017757957,0.30928138869027044,0.3139846640444945,0.31653573286057224,,140.4,,
sweep_deep_test,sweep_deep_test,26,,deep3,,,42,42,,,,20,512,0.003,0.0,0.05,32,"512,256,128",343041,19,,0.09922243851346833,0.10175467616206081,0.10250297492796367,0.3149959341221222,0.31899008787431127,0.32016085789484583,,125.15,,
sweep_deep_test,sweep_deep_test,27,,deep4,,,42,42,,,,20,2048,0.003,0.0,0.0,32,"512,256,128,64",351233,19,,0.10273213660630796,0.10856829681752056,0.11073916500422026,0.32051854331116003,0.3294970361285827,0.3327749464791787,,79.84,,
sweep_deep_test,sweep_deep_test,28,,deep4,,,42,42,,,,20,1024,0.002,0.0001,0.0,64,"512,256,128,64",451801,20,,0.1057659667297369,0.11049313838648125,0.11444587805343187,0.32521679958104394,0.33240508176994116,0.3382985043618016,,92.36,,
sweep_deep_test,sweep_deep_test,29,,deep6,,,42,42,,,,20,4096,0.0005,0.0001,0.05,64,"1024,512,512,256,128,64",1291993,3,,0.2662403200227457,0.2722955772701798,0.28594418059013166,0.5159848059998916,0.5218194872464804,0.5347374875489203,,221.1,,
sweep_deep_test,sweep_deep_test,30,,deep6b,,,42,42,,,,20,4096,0.002,0.0001,0.05,64,"2048,1024,512,256,128,64",3232985,1,,0.4228526416823032,0.4205802277196235,0.511551256846499,0.6502712062534395,0.6485215707435055,0.7152281152517,,331.1,,
sweep_deep_test,sweep_deep_test,31,,deep3,,,42,42,,,,20,1024,0.002,0.001,0.1,64,"512,256,128",443609,17,,0.1111842468710424,0.11217268857116022,0.11329305212637801,0.33344301892683614,0.3349219141399383,0.33659033278806155,,97.77,,
sweep_deep_test,sweep_deep_test,32,,deep6,,,42,42,,,,20,2048,0.003,0.0001,0.1,64,"1024,512,512,256,128,64",1291993,18,,0.29932535855608544,0.29926455062772467,0.3029062200302344,0.5471063503159924,0.5470507751824548,0.5503691670417542,,199.47,,
sweep_deep_test,sweep_deep_test,33,,deep3,,,42,42,,,,20,4096,0.002,0.001,0.05,64,"512,256,128",443609,15,,0.11614428567051387,0.12059649813565836,0.121967023989205,0.34079948015000533,0.34727006513038,0.3492377757190722,,96.1,,
sweep_deep_test,sweep_deep_test,34,,deep7,,,42,42,,,,20,4096,0.001,0.0,0.0,32,"2048,1024,512,512,256,128,64",3355137,18,,0.10376241376308973,0.108622493598648,0.11044125131093907,0.3221217374892445,0.3295792675497778,0.33232702464731795,,231.37,,
sweep_deep_test,sweep_deep_test,35,,deep6,,,42,42,,,,20,1024,0.002,0.0,0.05,64,"1024,512,512,256,128,64",1291993,1,,0.16915676012067415,0.17108755723417998,0.18185442055676584,0.4112867127937324,0.4136273168374884,0.42644392428168776,,201.38,,
sweep_deep_test,sweep_deep_test,36,,deep7,,,42,42,,,,20,512,0.002,0.0001,0.0,64,"2048,1024,512,512,256,128,64",3495641,16,,0.10230779071018571,0.10775538276313644,0.1101594000280548,0.3198558905353874,0.3282611502495177,0.33190269662666916,,330.62,,
sweep_deep_test,sweep_deep_test,37,,deep7,,,42,42,,,,20,1024,0.002,0.001,0.0,32,"2048,1024,512,512,256,128,64",3355137,13,,0.10378944222692844,0.10896253794756329,0.11075990549071149,0.3221636885605335,0.33009474086625995,0.3328061079528311,,314.96,,
sweep_deep_test,sweep_deep_test,38,,deep7,,,42,42,,,,20,1024,0.003,0.0001,0.0,32,"2048,1024,512,512,256,128,64",3355137,18,,0.09942792532617732,0.10450331144968002,0.10585289180099346,0.3153219391767362,0.3232697193516275,0.3253504138632583,,359.51,,
sweep_deep_test,sweep_deep_test,39,,deep6,,,42,42,,,,20,512,0.003,0.0,0.05,64,"1024,512,512,256,128,64",1291993,20,,0.09957922383146342,0.10164685321580695,0.10444241184656111,0.3155617591398923,0.31882103634454073,0.32317551244882575,,295.09,,
sweep_deep_test,sweep_deep_test,40,,deep6,,,42,42,,,,20,1024,0.003,0.0,0.0,32,"1024,512,512,256,128,64",1178113,18,,0.10666978207273284,0.11312550015836516,0.11850212259640301,0.3266034018082678,0.33634134470559096,0.3442413725809305,,163.71,,
sweep_deep_test,sweep_deep_test,41,,deep7,,,42,42,,,,20,1024,0.002,0.001,0.1,64,"2048,1024,512,512,256,128,64",3495641,18,,0.10544798450842692,0.10715543433079669,0.10901471079625284,0.3247275542796252,0.3273460467621332,0.33017375849127206,,471.55,,
sweep_deep_test,sweep_deep_test,42,,deep6,,,42,42,,,,20,1024,0.002,0.001,0.1,64,"1024,512,512,256,128,64",1291993,19,,0.2043955146321797,0.20508854452643846,0.20741595539284838,0.4521012216663208,0.45286702742244156,0.4554294186730238,,272.17,,
sweep_deep_test,sweep_deep_test,43,,deep3,,,42,42,,,,20,4096,0.002,0.0,0.05,64,"512,256,128",443609,15,,0.11627690332943885,0.12072880074653804,0.12201038964125129,0.34099399309876244,0.34746050242658955,0.3492998563430155,,106.6,,
sweep_deep_test,sweep_deep_test,44,,deep6b,,,42,42,,,,20,4096,0.002,0.0,0.1,32,"2048,1024,512,256,128,64",3092481,1,,0.8624915501651613,0.8678661798513474,0.949806053968879,0.9287042318010408,0.9315933554139099,0.9745799371877502,,351.42,,
sweep_deep_test,sweep_deep_test,45,,deep6b,,,42,42,,,,20,2048,0.0005,0.0,0.05,32,"2048,1024,512,256,128,64",3092481,1,,0.31918804111036264,0.32708418994919686,0.36520425722290406,0.5649672920712867,0.5719127467972688,0.6043213195171125,,373.24,,
sweep_deep_test,sweep_deep_test,46,,deep4,,,42,42,,,,20,512,0.001,0.0,0.0,64,"512,256,128,64",451801,16,,0.10420184569051692,0.10927863966844614,0.1120095284996071,0.3228031066927902,0.3305731986541652,0.3346782462300278,,110.34,,
sweep_deep_test,sweep_deep_test,47,,deep6b,,,42,42,,,,20,1024,0.002,0.0,0.0,64,"2048,1024,512,256,128,64",3232985,19,,0.10664215129450919,0.11178655183859294,0.11474057436919768,0.32656109886897,0.33434495934377856,0.33873378096847334,,318.59,,
sweep_deep_test,sweep_deep_test,48,,deep4,,,42,42,,,,20,1024,0.001,0.0001,0.05,64,"512,256,128,64",451801,2,,0.1486629862869975,0.1523969431842908,0.15571313816138183,0.3855683937863651,0.39038051076390945,0.39460504071968194,,130.29,,
sweep_deep_test,sweep_deep_test,49,,deep5,,,42,42,,,,20,1024,0.0005,0.0,0.0,32,"1024,512,256,128,64",915457,20,,0.10038513183010447,0.10572817748551157,0.10838872097396893,0.3168361277223677,0.3251586958479068,0.3292244234165639,,139.83,,
sweep_deep_test,sweep_deep_test,50,,deep6b,,,42,42,,,,20,1024,0.001,0.001,0.05,64,"2048,1024,512,256,128,64",3232985,1,,0.5841628860146947,0.5912929485957203,0.5948681005706941,0.7643054925974918,0.768955752040207,0.7712769285870634,,437.79,,
sweep_deep_test,sweep_deep_test,51,,deep6,,,42,42,,,,20,512,0.003,0.0,0.1,32,"1024,512,512,256,128,64",1178113,17,,0.10074104963164501,0.10307608142113525,0.10463623965992047,0.31739730564647994,0.3210546393079148,0.3234752535510568,,297.22,,
sweep_deep_test,sweep_deep_test,52,,deep3,,,42,42,,,,20,1024,0.003,0.0,0.05,64,"512,256,128",443609,20,,0.10978165411640474,0.11083451025974239,0.11300910807650069,0.33133314672155084,0.33291817351977404,0.33616827345319295,,111.4,,
sweep_deep_test,sweep_deep_test,53,,deep3,,,42,42,,,,20,1024,0.001,0.0001,0.05,32,"512,256,128",343041,20,,0.10962316449996512,0.11235730853711985,0.11535407347162906,0.33109389076206935,0.3351974172590234,0.33963815078937915,,110.6,,
sweep_deep_test,sweep_deep_test,54,,deep4,,,42,42,,,,20,4096,0.003,0.0001,0.0,32,"512,256,128,64",351233,15,,0.10750411972321108,0.11324388196752284,0.11460264412000275,0.3278782086739085,0.3365172833117533,0.338530122913756,,82.87,,
sweep_deep_test,sweep_deep_test,55,,deep7,,,42,42,,,,20,1024,0.002,0.0001,0.05,32,"2048,1024,512,512,256,128,64",3355137,20,,0.11994564634713445,0.12158633434794688,0.12319141617187064,0.3463316998877441,0.34869232046024023,0.3509863475576659,,462.43,,
sweep_deep_test,sweep_deep_test,56,,deep6,,,42,42,,,,20,1024,0.002,0.0001,0.0,32,"1024,512,512,256,128,64",1178113,18,,0.10133779619490793,0.10667070803209346,0.11075006774841098,0.3183359800508072,0.32660481936446295,0.332791327634016,,172.38,,
sweep_deep_test,sweep_deep_test,57,,deep4,,,42,42,,,,20,1024,0.0005,0.0,0.0,64,"512,256,128,64",451801,19,,0.10271982808773632,0.10756249024746821,0.10982321659342902,0.3204993417898644,0.32796720910400207,0.3313958608574178,,82.62,,
sweep_deep_test,sweep_deep_test,58,,deep7,,,42,42,,,,20,4096,0.0005,0.0,0.05,32,"2048,1024,512,512,256,128,64",3355137,2,,0.44693063510328707,0.45615273273521906,0.4756497028719583,0.6685287092588373,0.6753908000078318,0.6896736205423246,,350.44,,
sweep_deep_test,sweep_deep_test,59,,deep7,,,42,42,,,,20,4096,0.001,0.0,0.05,32,"2048,1024,512,512,256,128,64",3355137,2,,0.2820220799471386,0.287979353100105,0.2993275666531943,0.5310575109601018,0.5366370776419618,0.5471083682902267,,354.77,,
sweep_deep_test,sweep_deep_test,60,,deep3,,,42,42,,,,20,512,0.001,0.0,0.0,32,"512,256,128",343041,17,,0.09925929359896535,0.10565887014107919,0.10706056347524912,0.3150544295815651,0.3250521037327388,0.3272011055532195,,77.12,,
hedonic,hedonic_baseline,1,,,,,42,42,,,,20,8192,0.01,0.0,,,,4368,20,0.22577634698966706,0.20023354450720535,0.22577634698966706,0.22293318315604443,0.44747463001516113,0.47515928591333145,0.47215800655717405,512523.54865772283,58.13,hedonic_linear_fixed_effects,
